1,FCC356638190,Overdue,5,254 Shannon Turnpike,East Melissa,Florida,Cote d'Ivoire,63782,4137.93,2020-03-05 00:47:09,2020-03-24 05:38:06,2020-04-07 10:10:06
2,CXC160680294,In-Transit,2,494 Horn Extensions Suite 743,Michaelton,Maine,Argentina,79025,6495.67,2020-02-25 21:51:35,2020-03-21 10:04:38,2020-04-10 19:29:46
3,YNA328870708,Pending_Payment,4,59599 Kevin Fields Apt. 209,West Sandra,Rhode Island,Christmas Island,19240,7804.29,2020-02-22 11:50:53,2020-03-16 07:57:13,2020-03-29 04:49:41
4,TYC074536177,Completed,4,697 Antonio Hills,Phillipport,North Carolina,Switzerland,50002,5437.0,2020-02-25 01:36:39,2020-03-21 21:30:40,2020-04-03 22:44:04
5,YNN632879059,Initiated,1,475 Phillip Rest,Loristad,South Carolina,Congo,88730,8863.82,2020-02-20 07:15:29,2020-03-23 19:26:48,2020-04-03 13:14:09
6,TCF599171126,Initiated,1,0214 Joseph Lake Apt. 403,Rachaelborough,Rhode Island,Comoros,27949,8880.44,2020-02-18 01:31:28,2020-03-27 02:39:17,2020-04-06 06:14:28
7,YXC508158740,Initiated,5,3229 Lisa Throughway,West Jasmine,New Hampshire,Myanmar,21296,3317.67,2020-02-20 09:28:55,2020-03-21 08:41:21,2020-03-28 08:14:07
8,CFC162671909,In-Transit,4,49603 Lloyd Cliffs Apt. 890,Whitemouth,Nebraska,Armenia,84257,6467.24,2020-02-24 04:57:42,2020-03-27 15:02:45,2020-03-30 07:55:01
9,YNZ991364342,Initiated,4,80545 Wilcox Parks,West Dylan,Michigan,Uzbekistan,62725,3996.5,2020-03-06 23:53:37,2020-03-16 14:17:34,2020-03-30 20:50:03
10,CFZ494803935,Initiated,4,27937 Theresa Passage,South Stephanie,Tennessee,Saint Martin,72199,9249.86,2020-03-04 11:07:48,2020-03-20 10:14:25,2020-04-05 14:25:57
11,AYC855248369,Pending_Payment,5,63124 Boyle Stravenue Suite 426,East Jameschester,Tennessee,Kyrgyz Republic,25696,4332.53,2020-02-27 19:55:30,2020-03-13 16:35:31,2020-03-30 07:07:31
12,CCA959709018,In-Transit,4,885 Sonya Alley,Lake Tiffany,Arkansas,Equatorial Guinea,92628,9522.9,2020-03-03 03:55:06,2020-03-24 08:26:10,2020-04-06 05:17:48
13,ANF965747995,Pending_Payment,1,80053 Harrell View Apt. 794,Buckton,Arizona,Tajikistan,33407,4436.88,2020-02-29 11:14:28,2020-03-17 21:30:18,2020-04-05 09:14:43
14,AXN526119706,Pending_Payment,5,3889 Blackburn Via Apt. 518,Carolynhaven,New York,Antarctica (the territory South of 60 deg S),16707,7191.87,2020-02-29 08:59:03,2020-03-10 09:11:49,2020-04-13 02:14:56
15,AFT646465837,Initiated,5,94666 Nicholas Highway Suite 957,East Tara,Maine,Argentina,18857,1292.96,2020-02-26 05:20:41,2020-03-09 01:35:38,2020-04-03 02:35:27
16,TNZ302180092,Completed,3,264 Mitchell Cliff Suite 211,Lake Wayneborough,Nebraska,Taiwan,54631,7429.91,2020-02-24 11:12:06,2020-03-13 05:02:54,2020-04-07 19:10:55
17,YTC495104971,Overdue,1,430 Matthew Way,South Josephshire,South Carolina,Gabon,73184,3433.65,2020-03-04 12:07:17,2020-03-11 04:04:30,2020-04-06 05:34:51
18,ANY228326008,Pending_Payment,5,3959 Natalie Plains,South Tanya,Montana,Kyrgyz Republic,80489,4423.11,2020-02-20 17:11:24,2020-03-12 07:27:49,2020-04-14 06:26:06
19,NNT369428734,Initiated,5,2042 Elizabeth Knolls,Chapmanton,West Virginia,Qatar,76920,9209.29,2020-02-24 17:59:27,2020-03-17 13:48:08,2020-04-10 20:46:14
20,NAC771162721,Completed,1,997 Pruitt Plaza Apt. 965,Cartermouth,Wisconsin,Maldives,33384,2340.38,2020-02-20 03:38:47,2020-03-17 06:55:28,2020-04-05 23:44:39
21,CYX866805349,In-Transit,3,568 Natalie Ports,Tanyaville,Florida,Slovakia (Slovak Republic),11367,5783.2,2020-03-03 08:31:01,2020-03-22 17:24:40,2020-04-07 17:28:00
22,AXT358548813,Initiated,4,416 Black Greens Apt. 295,Hernandezmouth,North Dakota,Hong Kong,87827,5694.12,2020-02-18 06:31:26,2020-03-26 21:09:01,2020-04-03 11:11:08
23,CCC009198369,Pending_Payment,2,935 Orozco Street Apt. 162,Ashleyberg,Arkansas,San Marino,41002,4207.74,2020-03-02 01:22:34,2020-03-14 16:20:09,2020-04-04 21:34:35
24,XCF387980832,In-Transit,5,1426 Hoffman Port,Brucefort,Iowa,United States Virgin Islands,00728,4185.67,2020-02-29 11:11:47,2020-03-19 16:35:37,2020-04-04 12:53:46
25,FNX945502660,In-Transit,5,49009 Hall Throughway,North Daniel,Minnesota,Mongolia,58257,1966.22,2020-02-28 11:05:47,2020-03-11 06:18:19,2020-04-15 13:52:42
26,NAN613564850,In-Transit,4,099 Kim Trail,East Josephland,Pennsylvania,Tuvalu,43363,4515.37,2020-02-26 09:47:20,2020-03-20 06:09:30,2020-04-08 11:12:10
27,CCC957174518,Pending_Payment,5,5406 Michael Ville,South Mark,Hawaii,United Arab Emirates,53881,8457.54,2020-02-26 15:12:23,2020-03-17 22:59:41,2020-04-11 00:56:40
28,CFY288030569,In-Transit,4,022 Vazquez Streets,Kellyberg,Texas,Cook Islands,23469,8843.95,2020-02-25 03:35:42,2020-03-21 14:28:09,2020-04-04 01:05:27
29,ZYZ136703918,Pending_Payment,4,46037 Pitts Crest Suite 331,Josephshire,Wisconsin,China,77741,9278.61,2020-02-21 17:06:49,2020-03-24 07:58:24,2020-04-08 12:41:02
30,AFN374022966,Initiated,2,771 Parker Walk,Lake Rachel,Virginia,French Southern Territories,35136,9052.58,2020-03-02 19:55:45,2020-03-08 13:04:03,2020-04-08 14:20:35
31,CYY412353235,In-Transit,1,7350 Alexander Lodge,Danielland,Oklahoma,Algeria,52292,5563.93,2020-02-18 07:13:16,2020-03-13 02:15:32,2020-04-02 09:06:10
32,FZY337583463,Completed,3,96310 Diamond Lakes,Coryfort,Minnesota,Djibouti,49863,9556.82,2020-02-26 17:56:46,2020-03-26 06:25:59,2020-04-03 04:54:46
33,ACC902630933,Overdue,5,2485 Michelle Orchard,West Jennifer,Ohio,Bangladesh,33046,9682.75,2020-02-18 23:18:37,2020-03-19 12:03:35,2020-04-08 13:55:40
34,AXA920732569,Overdue,5,0680 William Summit,South Daniel,Delaware,Costa Rica,75969,9827.95,2020-02-24 21:04:45,2020-03-19 07:09:07,2020-04-02 05:01:22
35,AAX670233345,Overdue,2,4679 Corey Rest,East Joseside,Arizona,Germany,78872,3679.62,2020-02-19 08:29:25,2020-03-21 23:59:00,2020-03-28 23:11:22
36,ZZY633066192,Pending_Payment,5,373 Alvarez Skyway Suite 972,Port Markberg,Georgia,Macedonia,61155,2466.5,2020-02-17 23:29:37,2020-03-26 15:39:37,2020-04-02 15:19:43
37,XFA556474427,Initiated,4,064 Lee Ports,Howellport,Arizona,Belarus,39950,4001.74,2020-02-26 21:02:30,2020-03-18 14:42:44,2020-04-06 21:37:45
38,TCC094845926,In-Transit,3,6348 Thompson Locks,Willieburgh,Ohio,United Kingdom,51368,4378.32,2020-02-22 12:31:34,2020-03-08 10:20:53,2020-04-02 06:26:26
39,TNC293733168,Pending_Payment,1,1067 Chaney Grove Apt. 700,North Karenside,Mississippi,Kenya,25555,7482.22,2020-02-26 19:14:26,2020-03-21 02:45:25,2020-03-30 08:56:05
40,ZAX910066239,Pending_Payment,5,7012 Hamilton Common,Abbottstad,Nevada,Guadeloupe,95145,8821.93,2020-02-24 02:20:09,2020-03-16 10:30:59,2020-04-11 07:52:43
41,CXA228713616,Completed,3,021 Lopez Motorway Apt. 336,West Sonyaland,Rhode Island,Antarctica (the territory South of 60 deg S),88552,9507.67,2020-03-05 19:11:59,2020-03-22 12:59:57,2020-04-10 09:38:17
42,NTF438975522,In-Transit,1,25734 Garrison Trafficway,South Regina,Ohio,Libyan Arab Jamahiriya,77523,5219.8,2020-02-22 11:13:28,2020-03-10 20:45:10,2020-04-09 08:09:54
43,YXY588012758,Completed,2,8979 Jonathan Unions,South Ronaldborough,Minnesota,Serbia,72562,6356.81,2020-02-25 19:07:17,2020-03-16 05:34:36,2020-04-16 01:33:30
44,FTT701085186,Initiated,4,474 Ricky Place Suite 372,Burkeside,Kentucky,Jersey,00824,4150.31,2020-02-19 19:17:11,2020-03-20 20:51:38,2020-04-03 12:54:05
45,NYF908789583,Overdue,1,615 Valenzuela Spurs Apt. 408,Lake Todd,Pennsylvania,Congo,17222,3385.77,2020-02-25 20:39:18,2020-03-19 19:59:40,2020-04-10 05:41:53
46,XAX642575101,Completed,1,4697 Kendra Ports,Smithmouth,Maryland,Bahrain,72228,4199.12,2020-02-29 11:42:04,2020-03-10 14:02:55,2020-04-02 06:25:16
47,CCC194457078,Overdue,5,117 Jesse Prairie,Snyderfort,Hawaii,Switzerland,82360,8300.74,2020-02-25 10:10:28,2020-03-19 01:21:17,2020-04-13 08:44:19
48,AXZ529825347,Completed,1,76378 Christina Dam Suite 394,Clarkmouth,Ohio,Bhutan,07575,1951.11,2020-03-04 11:09:02,2020-03-11 10:45:23,2020-04-06 20:56:01
49,YXC061927004,Pending_Payment,1,49171 Mccormick Hill,East Mariahberg,South Dakota,Hungary,08692,8019.25,2020-03-02 18:36:35,2020-03-16 08:19:28,2020-04-14 17:24:08
50,ZXY620014487,Completed,5,6591 Kimberly Roads Suite 399,East Brenda,New York,Central African Republic,78311,6358.23,2020-02-23 00:11:49,2020-03-25 07:24:39,2020-04-03 04:08:41
51,CTC310690723,Initiated,3,859 Mark Flat Suite 753,North Stacyfort,Tennessee,Morocco,24003,1597.26,2020-03-05 06:20:55,2020-03-23 22:27:23,2020-04-05 10:04:52
52,AXN013662939,Overdue,1,61547 Vicki Streets,East Johnmouth,Delaware,New Caledonia,23132,9347.43,2020-03-07 00:40:40,2020-03-11 10:33:44,2020-04-06 08:57:25
53,CYZ958024153,Initiated,4,69080 Elizabeth Creek,Gordonville,Georgia,Saint Pierre and Miquelon,88021,2833.11,2020-02-18 00:13:48,2020-03-24 10:34:50,2020-04-02 18:54:54
54,AAY225666071,In-Transit,1,643 Gonzalez Port Suite 807,Port Jamesborough,Kansas,Heard Island and McDonald Islands,36560,3465.68,2020-02-20 03:09:14,2020-03-12 06:16:07,2020-04-14 12:43:48
55,YFT387822945,Overdue,1,77465 Russell Mountain Apt. 831,Cooperside,Wyoming,Mozambique,76766,3225.42,2020-02-28 10:11:06,2020-03-25 11:58:52,2020-04-15 05:08:48
56,XTN557137179,Completed,3,319 Johnston Springs,West Donna,Mississippi,Austria,86839,9277.88,2020-02-28 07:49:07,2020-03-18 15:19:38,2020-04-08 18:21:30
57,XAF221483110,Initiated,3,61809 Taylor Way,Bellborough,Connecticut,South Georgia and the South Sandwich Islands,06269,9707.86,2020-03-07 14:29:56,2020-03-19 20:21:37,2020-04-02 17:49:20
58,AXY530821768,Initiated,3,745 Vickie Lake Suite 224,Port Billy,Vermont,Austria,76679,6802.64,2020-02-29 07:35:29,2020-03-22 18:29:42,2020-04-12 13:32:12
59,FNC647884490,Completed,4,0066 Allison Green,Cervantesview,Kansas,Cyprus,54057,9429.6,2020-03-07 07:05:51,2020-03-13 21:50:07,2020-04-05 20:52:27
60,FCC271079254,Overdue,4,37892 Rojas Inlet,Clayport,Utah,Afghanistan,28809,1895.75,2020-02-27 14:14:06,2020-03-08 19:16:40,2020-03-30 19:59:52
61,TFF554471560,Initiated,1,569 Tucker Glen,Johnathanbury,Iowa,Gibraltar,42164,2783.69,2020-03-03 09:19:49,2020-03-17 00:36:52,2020-04-05 15:56:36
62,CAC230410218,Pending_Payment,4,88911 Amanda Ridge Suite 867,Jesseland,Tennessee,Maldives,67838,1857.65,2020-02-29 17:34:58,2020-03-18 05:50:48,2020-04-16 00:36:19
63,YZC315967708,Overdue,2,0914 Jackson Flat,Jessicamouth,Pennsylvania,Maldives,26064,4978.66,2020-02-19 11:59:57,2020-03-27 10:49:28,2020-04-16 17:24:55
64,TTA595094109,In-Transit,3,5288 Roberts Rapid,New Jeremy,Virginia,Brunei Darussalam,86752,5316.51,2020-03-02 02:01:54,2020-03-08 11:37:47,2020-04-17 05:17:35
65,CZX882521515,Completed,4,9626 David Forest Suite 475,Rachelfurt,Oklahoma,Fiji,61997,8544.64,2020-03-03 22:56:45,2020-03-18 13:51:44,2020-04-10 17:52:35
66,YTC419624225,Overdue,5,85164 Chad Parkways,Millerchester,New Mexico,Kuwait,55045,3918.57,2020-03-02 11:12:44,2020-03-17 02:48:31,2020-03-31 11:40:56
67,CAX888738600,Initiated,4,20766 Haynes Walk Apt. 612,Derekside,Wyoming,Seychelles,73144,5717.54,2020-02-24 06:04:42,2020-03-18 02:23:18,2020-04-11 02:11:08
68,CTN241884538,Initiated,5,21533 Joshua Mount Suite 448,West Yolanda,South Carolina,Mayotte,34014,3717.84,2020-03-07 18:42:15,2020-03-20 00:10:21,2020-04-04 20:27:29
69,TFX032953174,Completed,1,282 Banks Knolls,Lindsayborough,Rhode Island,Sri Lanka,14361,4964.95,2020-02-18 09:36:02,2020-03-08 11:28:35,2020-04-05 22:17:52
70,YNC622999690,Overdue,3,419 Conrad Junctions Apt. 287,Lake Nicole,Ohio,Rwanda,70321,6057.85,2020-02-29 04:03:41,2020-03-18 18:13:19,2020-04-01 09:16:37
71,XAZ097301185,Overdue,1,82648 Baker Shoals,Collierville,Hawaii,Mauritania,40620,4197.6,2020-03-02 09:41:51,2020-03-27 07:23:32,2020-04-01 21:48:45
72,FNT862171148,In-Transit,1,501 Vargas Square Suite 026,Santostown,Maine,Turkmenistan,74105,1345.18,2020-02-24 18:25:22,2020-03-11 10:29:57,2020-04-06 07:28:38
73,ZCY529203662,Overdue,2,18426 Hughes Cliffs Suite 610,Shariland,Texas,Northern Mariana Islands,34744,7000.53,2020-03-01 22:05:09,2020-03-25 13:54:56,2020-04-09 12:59:13
74,FFT556443628,In-Transit,5,46938 Jordan Ways Suite 479,Gallegostown,Mississippi,Rwanda,90857,4641.11,2020-02-24 21:52:17,2020-03-21 20:18:59,2020-04-15 20:49:42
75,CZN869259053,Pending_Payment,5,887 Joseph Streets Apt. 179,Mckinneybury,Missouri,Bulgaria,68029,5229.6,2020-02-25 02:53:09,2020-03-25 09:30:15,2020-03-30 13:37:12
76,YXN183658414,Completed,2,15472 Joseph Gardens Apt. 629,West Robert,West Virginia,Antarctica (the territory South of 60 deg S),27409,6635.91,2020-02-22 16:45:44,2020-03-26 04:35:43,2020-04-11 21:53:41
77,XXC417768666,In-Transit,4,4031 Leslie Plains Apt. 080,Ryanville,Ohio,Bahrain,96518,4707.97,2020-02-29 09:46:30,2020-03-17 02:55:00,2020-04-08 12:26:11
78,FTA867370482,Overdue,4,954 Melissa Cove Apt. 939,Cantrellbury,South Carolina,Norway,43151,2282.59,2020-03-03 14:35:13,2020-03-20 02:38:40,2020-04-15 05:20:49
79,FYA967993507,Overdue,2,39697 Debra Pines Apt. 635,East Ryanchester,Wisconsin,Cote d'Ivoire,28820,6648.75,2020-02-26 08:02:33,2020-03-13 23:13:27,2020-04-13 00:26:03
80,AFA114666753,Overdue,4,49865 Fitzpatrick Village,New Charlesfurt,Connecticut,Australia,86886,3561.8,2020-03-02 16:46:19,2020-03-25 15:47:39,2020-04-14 13:59:44
81,TXC005499826,Completed,4,57697 Jennifer Plain Apt. 499,New Thomas,Hawaii,Iceland,85805,2917.97,2020-02-28 13:39:40,2020-03-10 07:26:11,2020-03-28 22:25:55
82,CTN566382751,Initiated,5,6531 Daniel Orchard,Lake Brianmouth,California,Saint Kitts and Nevis,46790,2384.89,2020-02-25 19:26:22,2020-03-08 23:20:54,2020-04-08 16:49:17
83,FTA987745266,Initiated,3,1053 Robert Green Apt. 242,East Carla,Oklahoma,Palestinian Territory,84182,1798.59,2020-03-08 02:31:38,2020-03-26 20:43:36,2020-04-02 20:53:56
84,TTX488007361,Initiated,3,6722 Michelle Island Apt. 255,Schmidtview,Mississippi,Ireland,65576,7005.12,2020-02-20 16:47:42,2020-03-28 05:20:07,2020-03-29 05:53:42
85,ZTY671898087,Initiated,2,91425 Donna Dam Suite 306,Jonesbury,Colorado,Canada,91621,1467.6,2020-02-28 20:46:12,2020-03-11 23:26:47,2020-04-12 05:37:25
86,XCT452323463,Pending_Payment,5,975 Allen Unions,Smithview,North Dakota,Burkina Faso,80792,9904.12,2020-03-01 05:58:35,2020-03-22 19:59:47,2020-04-09 10:09:40
87,YCY405205999,Pending_Payment,1,43227 Jessica Wells Apt. 091,Carrilloton,Vermont,Suriname,22674,8279.0,2020-02-17 17:25:48,2020-03-14 05:17:57,2020-03-31 10:51:36
88,XNT853511338,Pending_Payment,5,29338 Ballard Manor,Patrickfort,Delaware,Turkey,66378,2278.7,2020-02-20 13:48:51,2020-03-27 13:58:38,2020-04-14 22:31:26
89,ZCN928911745,Initiated,2,6228 Hill Locks Suite 683,Michaelburgh,Connecticut,Bangladesh,06495,5305.51,2020-02-28 01:52:15,2020-03-28 03:23:04,2020-04-06 03:37:10
90,ZTX325324349,Completed,5,7944 Rebecca Fords,East Michelle,Mississippi,Liechtenstein,28653,6958.21,2020-03-07 21:57:39,2020-03-25 06:36:46,2020-04-12 04:35:27
91,YNC551918890,Completed,3,411 Gregory Parkways,Schwartzbury,Alaska,Solomon Islands,62578,4232.9,2020-02-28 15:35:03,2020-03-09 16:11:14,2020-03-31 09:21:33
92,FNZ874640979,In-Transit,1,536 Amanda Roads Apt. 186,Perezbury,Alabama,Mongolia,18811,4513.74,2020-02-27 05:07:14,2020-03-26 21:33:13,2020-04-16 14:33:00
93,ZCF251257523,Pending_Payment,1,6553 Joseph Common,Tonyland,Maryland,Uganda,76987,2527.3,2020-03-03 05:51:46,2020-03-11 16:27:15,2020-04-05 22:09:38
94,NCY974847831,Initiated,4,5334 Sullivan Plain Suite 819,West Erin,Washington,Brazil,80799,1134.34,2020-02-19 09:36:03,2020-03-22 23:04:41,2020-04-03 02:14:30
95,CYC010264287,Overdue,4,536 Brooks Burg,Lake Amanda,New York,Algeria,53299,9509.82,2020-02-25 06:22:25,2020-03-21 00:47:55,2020-04-14 12:07:37
96,YCN135352787,Initiated,1,50315 Trevino Trail,Ginaton,Connecticut,Palestinian Territory,17615,3899.72,2020-02-22 21:20:19,2020-03-12 17:26:03,2020-04-03 21:52:59
97,ZFX960414256,In-Transit,4,210 Hendricks Plains Suite 054,North Lawrence,Connecticut,Kenya,31230,6824.93,2020-02-26 13:15:03,2020-03-16 00:06:17,2020-04-03 07:48:26
98,CNT008254602,Completed,3,531 Chavez Circles,East Peggyland,North Dakota,Nauru,70039,8625.14,2020-03-02 23:43:21,2020-03-14 15:59:32,2020-03-31 05:38:13
99,NCA074315930,Overdue,5,8877 Amber Corner Apt. 716,Vincentberg,Hawaii,Chad,53298,9254.64,2020-03-07 08:54:04,2020-03-13 14:27:38,2020-04-03 10:25:20
100,ATZ182572768,Initiated,1,34825 Tanner Alley Apt. 449,Jonton,Michigan,Vietnam,64661,2043.35,2020-02-29 09:21:43,2020-03-28 03:57:46,2020-04-05 19:36:19
